asin,delivery,discount,image_url,original_price,price,prime,rating,reviews_count,sponsored,timestamp,title,url
B0DBHX1LMV,"Kandao Qoocam3 360¬∞ Camera With1.55 Sensor (Dual Battery Bundle) Waterproof Camera, Optical Zoom, 5.7K Wide-Angle with Lens Cover, Realtime Editing, 5X Stabilization for Sports,Outdoor,Travel, Black 3.53.5 out of 5 stars (11)‚Çπ17,999‚Çπ17,999(‚Çπ3,599.80‚Çπ3,599.80/Piece)M.R.P: ‚Çπ34,999‚Çπ34,999(49% off) FREE delivery Mon, 10 Mar Or fastest delivery Today Add to cart-Remove","(‚Çπ3,599.80‚Çπ3,599.80/Piece)",https://m.media-amazon.com/images/I/7190k+8+I1L._AC_SX148_SY213_FMwebp_QL65_.jpg,"‚Çπ3,599.80","‚Çπ17,999",Yes,3.5,0,No,2025-03-08 11:42:14,"Kandao Qoocam3 360¬∞ Camera With1.55 Sensor (Dual Battery Bundle) Waterproof Camera, Optical Zoom, 5.7K Wide-Angle with Lens Cover, Realtime Editing, 5X Stabilization for Sports,Outdoor,Travel, Black",https://www.amazon.in/With1-55-Waterproof-Wide-Angle-Realtime-Stabilization/dp/B0DBHX1LMV/ref=mp_s_a_1_15?dib=eyJ2IjoiMSJ9.FTOrn54tWRfHvAPhqZM1Bq855ZmHi5TYwQqafR8YUrHfNeDbqrzXTOVrS5oEjz01BplpGBCTeCBB5hwpwkR1tEdX82AVXvCWSUzjdKMmaF72VvaDaXeb4rAdfFqiPWdddpUBgQHcCdKTnxeXpyCdC6QVACFg7hZTvVuk8INo7ASOTz6li2RAdDDRn4oE0Xn9IBjYQJ1KFdI2dFJV8t-B3Q.qtBzCOMfF0V8pPn0mnfXwDQNEyXCHvuRpmArmjhGrrY&dib_tag=se&keywords=cameras&qid=1741414332&s=electronics&sr=1-15
B0DFXZKZJC,"GoPro Hero13 Creator Edition Includes Hero13 Action Camera, Volta, Media Mod, Light Mod, Magnetic Mount (1-Yr International+1-Yr India Warranty),Black 4.44.4 out of 5 stars (282)‚Çπ59,989‚Çπ59,989M.R.P: ‚Çπ64,990‚Çπ64,990(8% off) FREE delivery Mon, 10 Mar Or fastest delivery Tomorrow, 9 Mar Add to cart-Remove",(8% off),https://m.media-amazon.com/images/I/4182WRwDhmL._AC_SX148_SY213_FMwebp_QL65_.jpg,"‚Çπ64,990","‚Çπ59,989",Yes,4.4,0,No,2025-03-08 11:42:14,"GoPro Hero13 Creator Edition Includes Hero13 Action Camera, Volta, Media Mod, Light Mod, Magnetic Mount (1-Yr International+1-Yr India Warranty),Black",https://www.amazon.in/GoPro-Creator-Magnetic-International-Warranty/dp/B0DFXZKZJC/ref=mp_s_a_1_16?dib=eyJ2IjoiMSJ9.FTOrn54tWRfHvAPhqZM1Bq855ZmHi5TYwQqafR8YUrHfNeDbqrzXTOVrS5oEjz01BplpGBCTeCBB5hwpwkR1tEdX82AVXvCWSUzjdKMmaF72VvaDaXeb4rAdfFqiPWdddpUBgQHcCdKTnxeXpyCdC6QVACFg7hZTvVuk8INo7ASOTz6li2RAdDDRn4oE0Xn9IBjYQJ1KFdI2dFJV8t-B3Q.qtBzCOMfF0V8pPn0mnfXwDQNEyXCHvuRpmArmjhGrrY&dib_tag=se&keywords=cameras&qid=1741414332&s=electronics&sr=1-16
B0D876MKV7,"Qubo by Hero Group Smart Bike Cam Pro | 2K Resolution 3MP 1296p | 2000 mAh | 124 Degree Wide Angle | Night Vision | for Motorcycles, Bicycles | Proof on Demand | Record Your Rides | (Bike Cam) 4.14.1 out of 5 stars (405)100+ bought in past month‚Çπ3,950‚Çπ3,950M.R.P: ‚Çπ6,990‚Çπ6,990(43% off) FREE delivery Mon, 10 Mar Or fastest delivery Today Add to cart-Remove",(43% off),https://m.media-amazon.com/images/I/41Tg90F49eL._AC_SX148_SY213_FMwebp_QL65_.jpg,"‚Çπ6,990","‚Çπ3,950",Yes,4.1,0,No,2025-03-08 11:42:14,"Qubo by Hero Group Smart Bike Cam Pro | 2K Resolution 3MP 1296p | 2000 mAh | 124 Degree Wide Angle | Night Vision | for Motorcycles, Bicycles | Proof on Demand | Record Your Rides | (Bike Cam)",https://www.amazon.in/Qubo-Resolution-Degree-Motorcycles-Bicycles/dp/B0D876MKV7/ref=mp_s_a_1_17?dib=eyJ2IjoiMSJ9.FTOrn54tWRfHvAPhqZM1Bq855ZmHi5TYwQqafR8YUrHfNeDbqrzXTOVrS5oEjz01BplpGBCTeCBB5hwpwkR1tEdX82AVXvCWSUzjdKMmaF72VvaDaXeb4rAdfFqiPWdddpUBgQHcCdKTnxeXpyCdC6QVACFg7hZTvVuk8INo7ASOTz6li2RAdDDRn4oE0Xn9IBjYQJ1KFdI2dFJV8t-B3Q.qtBzCOMfF0V8pPn0mnfXwDQNEyXCHvuRpmArmjhGrrY&dib_tag=se&keywords=cameras&qid=1741414332&s=electronics&sr=1-17
B0BS1DNJMR,"FitSpark Eagle i12 Real 4K WiFi Action Camera | 5th Anniversary Free Dock+Battery+ MIC Offer | 20MP Ultra HD Wide-Angle Lens | 1st-in-Class with Flashlight | EIS Stabilization | Wireless Remote 3.93.9 out of 5 stars (125)‚Çπ5,998‚Çπ5,998M.R.P: ‚Çπ12,490‚Çπ12,490(52% off) FREE delivery Mon, 10 Mar Or fastest delivery Today Add to cart-Remove",(52% off),https://m.media-amazon.com/images/I/81a3pm3nxsL._AC_SX148_SY213_FMwebp_QL65_.jpg,"‚Çπ12,490","‚Çπ5,998",Yes,3.9,0,No,2025-03-08 11:42:14,FitSpark Eagle i12 Real 4K WiFi Action Camera | 5th Anniversary Free Dock+Battery+ MIC Offer | 20MP Ultra HD Wide-Angle Lens | 1st-in-Class with Flashlight | EIS Stabilization | Wireless Remote,https://www.amazon.in/FitSpark-i12-Wide-Angle-Flashlight-Stabilization/dp/B0BS1DNJMR/ref=mp_s_a_1_18?dib=eyJ2IjoiMSJ9.FTOrn54tWRfHvAPhqZM1Bq855ZmHi5TYwQqafR8YUrHfNeDbqrzXTOVrS5oEjz01BplpGBCTeCBB5hwpwkR1tEdX82AVXvCWSUzjdKMmaF72VvaDaXeb4rAdfFqiPWdddpUBgQHcCdKTnxeXpyCdC6QVACFg7hZTvVuk8INo7ASOTz6li2RAdDDRn4oE0Xn9IBjYQJ1KFdI2dFJV8t-B3Q.qtBzCOMfF0V8pPn0mnfXwDQNEyXCHvuRpmArmjhGrrY&dib_tag=se&keywords=cameras&qid=1741414332&s=electronics&sr=1-18
B0DFY14LY6,"GoPro Hero Lightweight Rugged & Waterproof 4K Action Camera with Touch Screen, 2X Slo-Mo, Mounting Flexibility with in-Built Enduro Battery (1-Yr International+1-Yr India Warranty),Black 3.63.6 out of 5 stars (21)50+ bought in past monthLimited time deal ‚Çπ16,990‚Çπ16,990M.R.P: ‚Çπ23,990‚Çπ23,990(29% off) FREE delivery Mon, 10 Mar Or fastest delivery Today Add to cart-Remove",(29% off),https://m.media-amazon.com/images/I/41cLrYrg1fL._AC_SX148_SY213_FMwebp_QL65_.jpg,"‚Çπ23,990","‚Çπ16,990",Yes,3.6,0,No,2025-03-08 11:42:14,"GoPro Hero Lightweight Rugged & Waterproof 4K Action Camera with Touch Screen, 2X Slo-Mo, Mounting Flexibility with in-Built Enduro Battery (1-Yr International+1-Yr India Warranty),Black",https://www.amazon.in/GoPro-Lightweight-Waterproof-Flexibility-International/dp/B0DFY14LY6/ref=mp_s_a_1_19?dib=eyJ2IjoiMSJ9.FTOrn54tWRfHvAPhqZM1Bq855ZmHi5TYwQqafR8YUrHfNeDbqrzXTOVrS5oEjz01BplpGBCTeCBB5hwpwkR1tEdX82AVXvCWSUzjdKMmaF72VvaDaXeb4rAdfFqiPWdddpUBgQHcCdKTnxeXpyCdC6QVACFg7hZTvVuk8INo7ASOTz6li2RAdDDRn4oE0Xn9IBjYQJ1KFdI2dFJV8t-B3Q.qtBzCOMfF0V8pPn0mnfXwDQNEyXCHvuRpmArmjhGrrY&dib_tag=se&keywords=cameras&qid=1741414332&s=electronics&sr=1-19
B0C783YNW7,"DJI Osmo Action 4 Standard Combo - 4K/120Fps Waterproof Action Digital Camera with A 1/1.3-Inch Sensor, 10-Bit & D-Log M Color Performance, Outdoor Digital Camera for Travel, Biking 4.54.5 out of 5 stars (1.8K)‚Çπ29,990‚Çπ29,990M.R.P: ‚Çπ44,999‚Çπ44,999(33% off) FREE delivery Mon, 10 Mar Or fastest delivery Today Add to cart-Remove",(33% off),https://m.media-amazon.com/images/I/61l2P9RV24L._AC_SX148_SY213_FMwebp_QL65_.jpg,"‚Çπ44,999","‚Çπ29,990",Yes,4.5,0,No,2025-03-08 11:42:14,"DJI Osmo Action 4 Standard Combo - 4K/120Fps Waterproof Action Digital Camera with A 1/1.3-Inch Sensor, 10-Bit & D-Log M Color Performance, Outdoor Digital Camera for Travel, Biking",https://www.amazon.in/DJI-Osmo-Action-Standard-Combo/dp/B0C783YNW7/ref=mp_s_a_1_20?dib=eyJ2IjoiMSJ9.FTOrn54tWRfHvAPhqZM1Bq855ZmHi5TYwQqafR8YUrHfNeDbqrzXTOVrS5oEjz01BplpGBCTeCBB5hwpwkR1tEdX82AVXvCWSUzjdKMmaF72VvaDaXeb4rAdfFqiPWdddpUBgQHcCdKTnxeXpyCdC6QVACFg7hZTvVuk8INo7ASOTz6li2RAdDDRn4oE0Xn9IBjYQJ1KFdI2dFJV8t-B3Q.qtBzCOMfF0V8pPn0mnfXwDQNEyXCHvuRpmArmjhGrrY&dib_tag=se&keywords=cameras&qid=1741414332&s=electronics&sr=1-20
B0DQX5L56W,"SIRGAWAIN 4K 30FPS Action Camera Ultra HD Underwater Camera 170 Degree Wide Angle 98FT Waterproof Camera (4KACTIONCAM) 3.53.5 out of 5 stars (225)‚Çπ2,499‚Çπ2,499M.R.P: ‚Çπ4,999‚Çπ4,999(50% off) FREE delivery Mon, 10 Mar Or fastest delivery Today Add to cart-Remove",(50% off),https://m.media-amazon.com/images/I/61nZFhJc1yL._AC_SX148_SY213_FMwebp_QL65_.jpg,"‚Çπ4,999","‚Çπ2,499",Yes,3.5,0,No,2025-03-08 11:42:14,SIRGAWAIN 4K 30FPS Action Camera Ultra HD Underwater Camera 170 Degree Wide Angle 98FT Waterproof Camera (4KACTIONCAM),https://www.amazon.in/SIRGAWAIN-Camera-Underwater-Waterproof-4KACTIONCAM/dp/B0DQX5L56W/ref=mp_s_a_1_21?dib=eyJ2IjoiMSJ9.FTOrn54tWRfHvAPhqZM1Bq855ZmHi5TYwQqafR8YUrHfNeDbqrzXTOVrS5oEjz01BplpGBCTeCBB5hwpwkR1tEdX82AVXvCWSUzjdKMmaF72VvaDaXeb4rAdfFqiPWdddpUBgQHcCdKTnxeXpyCdC6QVACFg7hZTvVuk8INo7ASOTz6li2RAdDDRn4oE0Xn9IBjYQJ1KFdI2dFJV8t-B3Q.qtBzCOMfF0V8pPn0mnfXwDQNEyXCHvuRpmArmjhGrrY&dib_tag=se&keywords=cameras&qid=1741414332&s=electronics&sr=1-21
B0DCTRGBQV,"SSR 4K 30Fps Action Digital Camera Ultra Hd Underwater Digital Camera 170 Degree Wide Angle 98Ft Waterproof Digital Camera (4K Ac) Black 2.82.8 out of 5 stars (12)‚Çπ1,425‚Çπ1,425M.R.P: ‚Çπ4,999‚Çπ4,999(71% off) FREE delivery Sun, 16 Mar Or fastest delivery Tomorrow, 9 Mar Add to cart-Remove",(71% off),https://m.media-amazon.com/images/I/61126QGucML._AC_SX148_SY213_FMwebp_QL65_.jpg,"‚Çπ4,999","‚Çπ1,425",Yes,2.8,0,No,2025-03-08 11:42:14,SSR 4K 30Fps Action Digital Camera Ultra Hd Underwater Digital Camera 170 Degree Wide Angle 98Ft Waterproof Digital Camera (4K Ac) Black,https://www.amazon.in/Action-Digital-Camera-Underwater-Waterproof/dp/B0DCTRGBQV/ref=mp_s_a_1_22?dib=eyJ2IjoiMSJ9.FTOrn54tWRfHvAPhqZM1Bq855ZmHi5TYwQqafR8YUrHfNeDbqrzXTOVrS5oEjz01BplpGBCTeCBB5hwpwkR1tEdX82AVXvCWSUzjdKMmaF72VvaDaXeb4rAdfFqiPWdddpUBgQHcCdKTnxeXpyCdC6QVACFg7hZTvVuk8INo7ASOTz6li2RAdDDRn4oE0Xn9IBjYQJ1KFdI2dFJV8t-B3Q.qtBzCOMfF0V8pPn0mnfXwDQNEyXCHvuRpmArmjhGrrY&dib_tag=se&keywords=cameras&qid=1741414332&s=electronics&sr=1-22
B0CHMKMBJ3,"Drumstone ùüèùüé ùêòùêûùêöùê´ùê¨ ùêñùêöùê´ùê´ùêöùêßùê≠ùê≤ New Launch 4K Action Camera Ultra HD 170D Wide Angel Go Waterproof Pro Sports Video 1080 Camera, Dual 2 Inch LCD 3.83.8 out of 5 stars (25)‚Çπ1,999‚Çπ1,999M.R.P: ‚Çπ9,999‚Çπ9,999(80% off)Buy for ‚Çπ1,974 with couponFREE delivery 24 - 29 Mar Add to cart-Remove",(80% off),https://m.media-amazon.com/images/I/61gVReDINzL._AC_SX148_SY213_FMwebp_QL65_.jpg,"‚Çπ9,999","‚Çπ1,999",No,3.8,0,No,2025-03-08 11:42:14,"Drumstone ùüèùüé ùêòùêûùêöùê´ùê¨ ùêñùêöùê´ùê´ùêöùêßùê≠ùê≤ New Launch 4K Action Camera Ultra HD 170D Wide Angel Go Waterproof Pro Sports Video 1080 Camera, Dual 2 Inch LCD",https://www.amazon.in/Drumstone-Warranty-Launch-Waterproof-Multicolor/dp/B0CHMKMBJ3/ref=mp_s_a_1_23?dib=eyJ2IjoiMSJ9.FTOrn54tWRfHvAPhqZM1Bq855ZmHi5TYwQqafR8YUrHfNeDbqrzXTOVrS5oEjz01BplpGBCTeCBB5hwpwkR1tEdX82AVXvCWSUzjdKMmaF72VvaDaXeb4rAdfFqiPWdddpUBgQHcCdKTnxeXpyCdC6QVACFg7hZTvVuk8INo7ASOTz6li2RAdDDRn4oE0Xn9IBjYQJ1KFdI2dFJV8t-B3Q.qtBzCOMfF0V8pPn0mnfXwDQNEyXCHvuRpmArmjhGrrY&dib_tag=se&keywords=cameras&qid=1741414332&s=electronics&sr=1-23
B0BRBFMX3Y,"Lapras { LIMITED with 15 YEARS WARRANTY ) 4K Action Camera 20MP Underwater Waterproof Camera 170 Wide Angle WiFi Sports Cam with Remote and Mounting EIS Electronic Image Stabilization 1080P/60Fps 3.33.3 out of 5 stars (31)‚Çπ1,999‚Çπ1,999Buy for ‚Çπ1,974 with coupon FREE delivery Mon, 10 Mar Or fastest delivery Today Add to cart-Remove",N/A,https://m.media-amazon.com/images/I/61xirkYL7pS._AC_SX148_SY213_FMwebp_QL65_.jpg,"‚Çπ1,999","‚Çπ1,999",Yes,3.3,0,No,2025-03-08 11:42:14,Lapras { LIMITED with 15 YEARS WARRANTY ) 4K Action Camera 20MP Underwater Waterproof Camera 170 Wide Angle WiFi Sports Cam with Remote and Mounting EIS Electronic Image Stabilization 1080P/60Fps,https://www.amazon.in/Lapras-Underwater-Waterproof-Accessories-Stabilization/dp/B0BRBFMX3Y/ref=mp_s_a_1_24?dib=eyJ2IjoiMSJ9.FTOrn54tWRfHvAPhqZM1Bq855ZmHi5TYwQqafR8YUrHfNeDbqrzXTOVrS5oEjz01BplpGBCTeCBB5hwpwkR1tEdX82AVXvCWSUzjdKMmaF72VvaDaXeb4rAdfFqiPWdddpUBgQHcCdKTnxeXpyCdC6QVACFg7hZTvVuk8INo7ASOTz6li2RAdDDRn4oE0Xn9IBjYQJ1KFdI2dFJV8t-B3Q.qtBzCOMfF0V8pPn0mnfXwDQNEyXCHvuRpmArmjhGrrY&dib_tag=se&keywords=cameras&qid=1741414332&s=electronics&sr=1-24
B07FW4CZZL,"DJI Osmo Action 5 Pro Adventure Combo, Action Camera 4K with 1/1.3"" Sensor, 12h Extended Battery Life with 3 Batteries, Stabilization, Dual OLED Touchscreens, Mini Action Camera for Travel, Vlog 4.44.4 out of 5 stars (826)200+ bought in past month‚Çπ46,990‚Çπ46,990M.R.P: ‚Çπ49,990‚Çπ49,990(6% off) FREE delivery Mon, 10 Mar Or fastest delivery Today Add to cart-Remove",(6% off),https://m.media-amazon.com/images/I/71bPJVQ+mEL._AC_SX148_SY213_FMwebp_QL65_.jpg,"‚Çπ49,990","‚Çπ46,990",Yes,4.4,0,No,2025-03-08 11:42:14,"DJI Osmo Action 5 Pro Adventure Combo, Action Camera 4K with 1/1.3"" Sensor, 12h Extended Battery Life with 3 Batteries, Stabilization, Dual OLED Touchscreens, Mini Action Camera for Travel, Vlog",https://www.amazon.in/DJI-Adventure-Batteries-Stabilization-Touchscreens/dp/B07FW4CZZL/ref=mp_s_a_1_25?dib=eyJ2IjoiMSJ9.FTOrn54tWRfHvAPhqZM1Bq855ZmHi5TYwQqafR8YUrHfNeDbqrzXTOVrS5oEjz01BplpGBCTeCBB5hwpwkR1tEdX82AVXvCWSUzjdKMmaF72VvaDaXeb4rAdfFqiPWdddpUBgQHcCdKTnxeXpyCdC6QVACFg7hZTvVuk8INo7ASOTz6li2RAdDDRn4oE0Xn9IBjYQJ1KFdI2dFJV8t-B3Q.qtBzCOMfF0V8pPn0mnfXwDQNEyXCHvuRpmArmjhGrrY&dib_tag=se&keywords=cameras&qid=1741414332&s=electronics&sr=1-25
B09BR82D86,"CASON CS6 5k 30Fps Action Camera, 4K Helmet Camera for Bike (Typc C) with EIS+Gyro,Anti Shake for Bike Helmet Camera, Touch Screen, 2 x 1350 mAh Battery and Many Extra Accessories (Black) 3.93.9 out of 5 stars (975)Limited time deal ‚Çπ9,989‚Çπ9,989M.R.P: ‚Çπ13,995‚Çπ13,995(29% off)Buy 2 items, get 3% off FREE delivery Mon, 10 Mar Or fastest delivery Tomorrow, 9 Mar Add to cart-Remove",(29% off),https://m.media-amazon.com/images/I/71MohCxxKXL._AC_SX148_SY213_FMwebp_QL65_.jpg,"‚Çπ13,995","‚Çπ9,989",Yes,3.9,0,No,2025-03-08 11:42:14,"CASON CS6 5k 30Fps Action Camera, 4K Helmet Camera for Bike (Typc C) with EIS+Gyro,Anti Shake for Bike Helmet Camera, Touch Screen, 2 x 1350 mAh Battery and Many Extra Accessories (Black)",https://www.amazon.in/CS6-Dual-Screen-Action-Camera/dp/B09BR82D86/ref=mp_s_a_1_26?dib=eyJ2IjoiMSJ9.FTOrn54tWRfHvAPhqZM1Bq855ZmHi5TYwQqafR8YUrHfNeDbqrzXTOVrS5oEjz01BplpGBCTeCBB5hwpwkR1tEdX82AVXvCWSUzjdKMmaF72VvaDaXeb4rAdfFqiPWdddpUBgQHcCdKTnxeXpyCdC6QVACFg7hZTvVuk8INo7ASOTz6li2RAdDDRn4oE0Xn9IBjYQJ1KFdI2dFJV8t-B3Q.qtBzCOMfF0V8pPn0mnfXwDQNEyXCHvuRpmArmjhGrrY&dib_tag=se&keywords=cameras&qid=1741414332&s=electronics&sr=1-26
B0C4PC8G2Q,"SJCAM C300 4K30fps 20MP Action Camera with Handheld Grip | 6axis gyro, Backup Upto 6 Hours, 1.33in Dual Touch Screen | 2.4G,5G Wi-Fi, Super Night Vision, 30M Waterproof for Live Steaming Vlog | Black 3.63.6 out of 5 stars (91)‚Çπ11,999‚Çπ11,999M.R.P: ‚Çπ25,800‚Çπ25,800(53% off) FREE delivery Mon, 10 Mar Or fastest delivery Today Add to cart-Remove",(53% off),https://m.media-amazon.com/images/I/71UTB9-E4IL._AC_SX148_SY213_FMwebp_QL65_.jpg,"‚Çπ25,800","‚Çπ11,999",Yes,3.6,0,No,2025-03-08 11:42:14,"SJCAM C300 4K30fps 20MP Action Camera with Handheld Grip | 6axis gyro, Backup Upto 6 Hours, 1.33in Dual Touch Screen | 2.4G,5G Wi-Fi, Super Night Vision, 30M Waterproof for Live Steaming Vlog | Black",https://www.amazon.in/SJCAM-Handheld-4K30fps-waterproof-steaming/dp/B0C4PC8G2Q/ref=mp_s_a_1_27?dib=eyJ2IjoiMSJ9.FTOrn54tWRfHvAPhqZM1Bq855ZmHi5TYwQqafR8YUrHfNeDbqrzXTOVrS5oEjz01BplpGBCTeCBB5hwpwkR1tEdX82AVXvCWSUzjdKMmaF72VvaDaXeb4rAdfFqiPWdddpUBgQHcCdKTnxeXpyCdC6QVACFg7hZTvVuk8INo7ASOTz6li2RAdDDRn4oE0Xn9IBjYQJ1KFdI2dFJV8t-B3Q.qtBzCOMfF0V8pPn0mnfXwDQNEyXCHvuRpmArmjhGrrY&dib_tag=se&keywords=cameras&qid=1741414332&s=electronics&sr=1-27
B0DFY6JWWZ,"GoPro Hero13 Special Bundle Includes - Hero13 Action Camera, The Handler, 2 Enduro Batteries, 2 Curved Adhesive Mounts, 64GB MicroSD Card (1-Yr International+1-Yr India Warranty),Black 4.44.4 out of 5 stars (282)100+ bought in past monthLimited time deal ‚Çπ39,990‚Çπ39,990M.R.P: ‚Çπ64,490‚Çπ64,490(38% off) FREE delivery Mon, 10 Mar Or fastest delivery Today Add to cart-Remove",(38% off),https://m.media-amazon.com/images/I/81Vs1awEv+L._AC_SX148_SY213_FMwebp_QL65_.jpg,"‚Çπ64,490","‚Çπ39,990",Yes,4.4,0,No,2025-03-08 11:42:14,"GoPro Hero13 Special Bundle Includes - Hero13 Action Camera, The Handler, 2 Enduro Batteries, 2 Curved Adhesive Mounts, 64GB MicroSD Card (1-Yr International+1-Yr India Warranty),Black",https://www.amazon.in/GoPro-Hero13-Special-Bundle-International/dp/B0DFY6JWWZ/ref=mp_s_a_1_28?dib=eyJ2IjoiMSJ9.FTOrn54tWRfHvAPhqZM1Bq855ZmHi5TYwQqafR8YUrHfNeDbqrzXTOVrS5oEjz01BplpGBCTeCBB5hwpwkR1tEdX82AVXvCWSUzjdKMmaF72VvaDaXeb4rAdfFqiPWdddpUBgQHcCdKTnxeXpyCdC6QVACFg7hZTvVuk8INo7ASOTz6li2RAdDDRn4oE0Xn9IBjYQJ1KFdI2dFJV8t-B3Q.qtBzCOMfF0V8pPn0mnfXwDQNEyXCHvuRpmArmjhGrrY&dib_tag=se&keywords=cameras&qid=1741414332&s=electronics&sr=1-28
